

{
    "MENU": "MENU",
    "Головна": "Startseite",
    "Про проект": "Über das Projekt",
    "Умови": "Bedingungen",
    "FAQ": "FAQ",
    "В кабінет": "Zum Kabinett",
    "Панель адміністратора": "Administrationsmenü",
    "FOOTER": "FUSSZEILE",
    "Умови розіграшу": "Teilnahmebedingungen",
    "Контакти": "Kontakte",
    "HOME": "HEIM",
    "Передай привіт": "Sag «Hallo»",
    "окупантам": "zu den Besatzern",
    "Підпиши снаряд для загарбників та допоможи нашим воїнам вигнати рашистську нечисть з українскької землі!": "Unterzeichnen Sie die Projektil für die Invasoren und helfen Sie unseren Soldaten, das russische Böse aus dem ukrainischen Land zu vertreiben!",
    "Задонать на ЗСУ": "Spenden Sie an die Streitkräfte der Ukraine",
    "Підпиши снаряд": "Unterschreiben Sie die Schale",
    "Отримай фото з підписом та": "Holen Sie sich ein Foto mit einer Unterschrift und",
    "Снарядів": "Schalen",
    "вже підписано": "schon unterschrieben",
    "Добродіїв долучилось до “гарячого прийому” окупантів": "Spendern, die sich dem herzlichen Empfang für die Besatzer anschlossen",
    "Передано фонду All4Ukraine для закриття потреб ЗСУ": "An die All4Ukraine-Stiftung übertragen, um den Bedarf der Streitkräfte der Ukraine zu decken",
    "Особистий кабінет": "Persönliches Kabinett",
    "Мир на нашій землі можливий лише за умови тотального знищення світового зла під назвою «Русскіє».": "Frieden auf unserem Land ist nur unter der Bedingung der totalen Zerstörung des Weltübels namens «Russkie» möglich.",
    "А для цього, в свою чергу, потрібна фінансова допомога для закриття потреб наших захисників.": "Damit dies geschehen kann, brauchen wir finanzielle Unterstützung, um die Bedürfnisse unserer Verteidiger zu erfüllen.",
    "Тому ми організували оригінальний спосіб допомоги ЗСУ, і одночасно долучитись до знизення рашистів на нашій землі.": "Deshalb haben wir diesen einzigartigen Weg organisiert, um den Streitkräften zu helfen und uns gleichzeitig der Reduzierung von Russianfacist auf unserem Land anzuschließen.",
    "Всі залучені від проекту кошти відразу поступають на рахунок волонтерського фонду All4Ukraine, який з перших днів повномасштабної війни допомагає ЗСУ, закриваючи їх матеріальні потреби.": "Alle durch das Projekt gesammelten Mittel gehen sofort an die All4Ukraine-Stiftung, die den Streitkräften seit dem ersten Tag des umfassenden Krieges hilft, ihre materiellen Bedürfnisse zu decken.",
    "Це війна кожного з нас": "Dieser Krieg ist der Krieg gegen jeden von uns",
    "І кожен може внести свій вклад в перемогу!": "Und jeder kann zu seinem Sieg beitragen!",
    "Умови участі": "Teilnahmebedingungen",
    "Створіть заявку на підпис на снаряді в особистому кабінеті на даному сайті": "Erstellen Sie eine Anfrage mit einer Signatur auf einer Projektil in Ihrem persönlichen Kabinett auf dieser Website",
    "Внесіть донат на рахунок волонтерського фонду All4Ukraine": "Machen Sie eine Spende für die Stiftung All4Ukraine",
    "По мірі готовності снаряду військові зроблять для вас фото": "Wenn die Projektil fertig ist, macht das Militär ein Foto der Projektil für Sie",
    "Отримайте фото підписаного снаряду та ": "Holen Sie sich ein Foto der signierten Schale und ",
    "сертифікат": "Zertifikat",
    "в особистому кабінеті": "in einem persönlichen Kabinett",
    "Приклад сертифікату": "Ein Beispiel für ein Zertifikat",
    "Після запуску снаряду з Вашим посланням ми відправимо Вам на пошту фото з підписаним снарядом, а також підготуємо для Вас сертифікат наступного зразка:": "Nach dem Start der Hülle mit Ihrer Nachricht senden wir Ihnen ein Foto mit der signierten Hülle per E-Mail und bereiten für Sie ein Zertifikat mit folgendem Muster vor:",
    "Відповіді на часті запитання": "Antworten auf häufig gestellte Fragen",
    "“Вы в своем уме? Там же наши дети!!!”": "Bist du bei klarem Verstand? Unsere Kinder sind da!!!",
    "Если в Украине ваши слабоумные дети - то сделайте все от вас зависящее для того, чтобы они убрались с территории чужой для вас и беспощадной для них страны. Иначе - ваши дети-окупанты преврятятся в удобрение на нашей земле. И мы будем этому безумно рады.": "Wenn Ihre schwachsinnigen Kinder in der Ukraine sind, tun Sie alles in Ihrer Macht Stehende, um sie aus dem Territorium eines Ihnen fremden und gnadenlosen Landes zu entfernen. Sonst werden Ihre besetzenden Kinder zu Dünger auf unserem Land. Und darüber werden wir uns sehr freuen.",
    "“Як я можу бути впевнений що гроші пішли за призначенням”": "Wie kann ich sicher sein, dass das Geld an die ukrainischen Streitkräfte geht?",
    "В особистому кабінеті, в розділі «Донати направлені на наступні потреби ЗСУ» ви побачите на яку саме заявку волонтерського фонду": "In Ihrem persönlichen Kabinett sehen Sie im Bereich Spenden, für welche Anfrage des Freiwilligenfonds Ihr Geld ausgegeben wird",
    "перерахований ваш донат. З часом заявка буде закрита, а ви будете причасним до її закриття.": "Ihre Spende wurde übermittelt. Im Laufe der Zeit wird die Anwendung geschlossen, und Sie sind an der Schließung mitschuldig.",
    "відомий та авторитетний серед військових волонтерський фонд, який допомагає Збройним Силам України з перших днів повномасштабного вторгнення": "eine bekannte und maßgebliche Freiwilligenstiftung, die den Streitkräften der Ukraine seit den ersten Tagen der umfassenden Invasion hilft",
    "“Я задонатив більше тижня тому, а фото так і не прийшло”": "Ich habe vor mehr als einer Woche gespendet und das Foto ist nicht angekommen",
    "Розуміємо. Хочеться вже побачити вашу особисту помсту рашистам. Проте не забувайте що в Україні йде війна. І наші захисники професійно роблять свою роботу на фронті. Майте терпіння. Вони зроблять фото, коли буде нагода і коли це буде безпечно.": "Wir verstehen. Willst du deine persönliche Rache an den Russianfacists sehen? Vergessen Sie jedoch nicht, dass in der Ukraine Krieg herrscht. Und unsere Verteidiger erledigen ihre Arbeit professionell an der Front. Bitte haben Sie etwas Geduld. Sie werden ein Foto machen, wenn sich die Gelegenheit ergibt und wenn dies sicher ist.",
    "При Вашому бажанні - ми повернемо Вам кошти.": "Wenn Sie es wünschen, erstatten wir Ihnen das Geld zurück.",
    "Війна не закінчується, а лише набирає обертів": "Der Krieg ist nicht vorbei, er nimmt nur Fahrt auf",
    "І нажаль, кількість заявок від військових які отримує волонтерський фонд All4Ukraine, набагато більша ніж кількість донатів, які приходять від добродіїв на їх закриття.": "Leider ist die Zahl der Anfragen des Militärs, die die Stiftung All4Ukraine erhält, viel größer als die Menge der Spenden, die von Wohltätern für ihre Schließung kommen.",
    "Даний проект - це ще один з багатьох наших способів підтримати ЗСУ та наблизити нашу Перемогу": "Dieses Projekt ist eine weitere Möglichkeit, die Streitkräfte der Ukraine zu unterstützen und unseren Sieg näher zu bringen",
    "LOGIN": "ANMELDUNG",
    "Увійти через пошту": "Melden Sie sich per E-Mail an",
    "Вхід": "Anmeldung",
    "Реєстрація": "Registrierung",
    "Електронна пошта": "Email",
    "Пароль": "Passwort",
    "Запам‘ятати мене": "Mich erinnern",
    "Забули пароль?": "Haben Sie Ihr Passwort vergessen?",
    "Увійти через соціальні мережі:": "Melden Sie sich über soziale Netzwerke an:",
    "Зареєструватися через пошту": "Melden Sie sich per Mail an",
    "Ім‘я": "Name",
    "Підтвердити пароль": "Bestätige das Passwort",
    "Зареєструватися": "Anmeldung",
    "Закрити": "Schließen",
    "Або зареєструватися через соціальні мережі:": "Oder registrieren Sie sich über soziale Netzwerke:",
    "CABINET": "KABINETT",
    "Вихід": "Ausloggen",
    "Ваші палкі побажання русні": "Ihre besten Wünsche für russische Schweine",
    "Ви ще не створили жодного палкого побажання русні": "Sie haben Ihre Wünsche noch nicht erstellt",
    "Підпишіть свій перший снаряд та чекайте сетифікат з передової": "Unterschreiben Sie Ihre erste Projektil und warten Sie auf das Zertifikat von der Frontlinie",
    "Створено заявку": "Eine Anfrage wurde erstellt",
    "Передано волонтерам": "Freiwilligen übergeben",
    "Відправлено ЗСУ": "Zu den Streitkräften geschickt",
    "Отримано руснею": "Erhalten von russischen Schweinen",
    "Ваші сертифікати:": "Ihre Zertifikate:",
    "У вас поки що немає сертифікатів": "Sie haben noch keine Zertifikate",
    "Історія": "Geschichte",
    "було передано русні від ЗСУ": "wurde von den ukrainischen Streitkräften an die Russen übergeben",
    "було відправлено ЗСУ": "wurde an die ukrainischen Streitkräfte geschickt",
    "було передано волонтерам. Чекайте на його відправку ЗСУ": "an Freiwillige übergeben wurde, warten Sie, bis es an die Streitkräfte geschickt wird",
    "було створено. Воно буде відправлено ЗСУ після внесення даних": "Es wurde kreiert. Es wird nach Eingabe der Daten an die Bundeswehr übermittelt",
    "У вас поки що немає створених послань": "Sie haben noch keine Nachrichten erstellt",
    "Донати направлені на наступні потреби ЗСУ:": "Spenden richten sich an die folgenden Anfragen der ukrainischen Streitkräfte:",
    "У вас поки що немає створених та оплачених послань": "Sie haben es noch nicht erstellt und bezahlt",
    "Повідомлення": "Nachricht",
    "Сума": "Menge",
    "Направлено на заявку": "Gesendet auf die Anfrage",
    "Ще не розподілено": "Noch nicht verteilt",
    "Ще не оплачено": "Noch nicht bezahlt",
    "CREATE": "ERSTELLEN",
    "Створити палкий привіт": "Erstellen Sie einen leidenschaftlichen Gruß",
    "1. Напишіть своє послання для орків": "1. Schreiben Sie Ihre Nachricht an die Orks",
    "Cимволів залишилось:": "Zeichen übrig:",
    "2. Зробіть донат на ЗСУ": "2. Machen Sie eine Spende an die Streitkräfte",
    "Валюта": "Währung",
    "3. Напишіть ім`я отримувача сертифікату": "3. Schreiben Sie den Namen des Empfängers des Zertifikats",
    "Ім‘я потрібно виключно для генерації": "Der Name wird nur für die Generation a benötigt",
    "сертифікату": "Zertifikat",
    "Зберегти": "Speichern",
    "Ще не сплачено": "Noch nicht bezahlt",
    "EDIT": "BEARBEITEN",
    "Відредагувати палкий привіт": "BEARBEITEN",
    "Відредагуйте своє послання": "Bearbeiten Sie Ihre Nachricht",
    "Відредагуйте своє ім`я": "Bearbeiten Sie Ihren Namen",
    "Ім`я потрібно виключно для генерації": "Der Name wird nur für die Generation a benötigt",
    "certificateExample": "ZertifikatBeispiel",
    "Після запуску ракети з Вашим посланням - ми відправимо Вам фото з підписаним снарядом, а також сформуємо для Вас сертифікат наступного зразка:": "Nachdem Sie die Projektil mit Ihrer Nachricht gestartet haben, senden wir Ihnen ein Foto mit der signierten Projektil und erstellen für Sie auch ein Zertifikat der folgenden Art:",
    "CERRIFICATE": "ZERTIFIKAT",
    "Сертифікат": "Zertifikat",
    "Мій сертифікат": "Mein Zertifikat",
    "Зацініть": "Bewerte es",
    "Поділитись": "Aktie",
    "СЕРТИФІКАТ": "ZERTIFIKAT",
    "Даний сертифікат являється підтвердженням факту передачі Збройними Силами України палкого привіту русні від імені": "Dieses Zertifikat ist die Bestätigung der Übergabe der Streitkräfte der Ukraine. Herzlichen Gruß an die russischen Schweinehunde aus",
    "Email": "Email",
    "Шановний": "Liebling",
    "Ваше повідомлення русні було успішно відправлено.": "Ihre Nachricht an die russischen Schweine war erfolgreich unaufhörlich gesendet.",
    "Фото відправлення знаходиться в додатку до даного листа": "Das Foto der Sendung befindet sich im Anhang zu diesem Schreiben",
    "Також ми підготували для вас сертифікат успішної доставки вашого повідомлення. Ви можете його завантажити в": "Wir haben auch ein Zertifikat für Sie vorbereitet. Sie können es von Ihrem herunterladen",
    "Або увійдіть/зареєструйтесь через пошту": "Oder per Mail einloggen/registrieren",
    "особистому кабінеті": "persönliches Kabinett",
    "Підписати снаряд": "Unterzeichnen die Projektil",
    "або виберіть з шаблонів:": "oder wählen Sie aus den Vorlagen:",
    "Шаблони:": "Schablonen:",
    "З найгіршими побажаннями від …": "Best wishes from ...",
    "«Мертвый русский» - це подарунок тобі, …": "Dead russians here is a gift for you, ...",
    "… , з Днем народження": "... , happy birthday",
    "Zдохніть Vсі": "Die all of you ",
    "Слава Україні": "Glory to Ukraine",
    "Фашисти": "Fascists",
    "Горіть у пеклі": "Burn in hell",
    "Ловіть привіт від …": "Receive a greeting from  ...",
    "Згинуть наші воріженьки як роса на сонці": "Go to hell russian pigs",
    "За наших дітей": "For the children",
    "Привіт відморозкам": "Hello to the scum of the Earth",
    "За Маріуполь": "For Mariupol",
    "Хороший русский - мертвый русский": "A good Russian is a dead Russian",
    "Хрю-хрю, свинособака": "Oink-oink russian pig",
    "Підписати снаряд в особистому кабінеті": "Melden Sie die Projektil in persönlichen Kabinet an"
}
