

{
    "MENU": "MENU",
    "Головна": "Main",
    "Про проект": "About the project",
    "Умови": "Conditions",
    "FAQ": "FAQ",
    "В кабінет": "To the cabinet",
    "Панель адміністратора": "Admin panel",
    "FOOTER": "FOOTER",
    "Умови розіграшу": "Terms of the draw",
    "Контакти": "Contacts",
    "HOME": "HOME",
    "Передай привіт": "Say hello",
    "окупантам": "to the occupiers",
    "Підпиши снаряд для загарбників та допоможи нашим воїнам вигнати рашистську нечисть з українскької землі!": "Sign the shell for the invaders and help our soldiers expel the russian evil from the Ukrainian land!",
    "Задонать на ЗСУ": "Donate to the Armed Forces",
    "Підпиши снаряд": "Sign the shell",
    "Отримай фото з підписом та": "Get a photo with a signature o",
    "Снарядів": "Shells",
    "вже підписано": "already signed",
    "Добродіїв долучилось до “гарячого прийому” окупантів": "Donors that joined the warm reception for the occupiers",
    "Передано фонду All4Ukraine для закриття потреб ЗСУ": "Transferred to the All4Ukraine foundation to cover the needs of the Armed Forces of Ukraine",
    "Особистий кабінет": "To the cabinet",
    "Мир на нашій землі можливий лише за умови тотального знищення світового зла під назвою «Русскіє».": "Peace on our land is possible only under the condition of total destruction of the world evil called «russkie»",
    "А для цього, в свою чергу, потрібна фінансова допомога для закриття потреб наших захисників.": "In order for this to happen , we need financial assistance to fulfill the needs of our defenders.",
    "Тому ми організували оригінальний спосіб допомоги ЗСУ, і одночасно долучитись до знизення рашистів на нашій землі.": "That's why we organized this unique way of helping the Armed Forces, and at the same time, to join the reduction of russianfacist on our land.",
    "Всі залучені від проекту кошти відразу поступають на рахунок волонтерського фонду All4Ukraine, який з перших днів повномасштабної війни допомагає ЗСУ, закриваючи їх матеріальні потреби.": "All funds raised from the project will immediately go to the All4Ukraine foundation, which has been helping the Armed Forces since the first day of the full-scale war, covering their material needs.",
    "Це війна кожного з нас": "This war is the war on each one of us ",
    "І кожен може внести свій вклад в перемогу!": "And everyone can contribute to its victory!",
    "Умови участі": "Conditions of participation",
    "Створіть заявку на підпис на снаряді в особистому кабінеті на даному сайті": "Create a request with a signature on a shell in your personal account on this web site",
    "Внесіть донат на рахунок волонтерського фонду All4Ukraine": "Make a donation for the All4Ukraine foundation",
    "По мірі готовності снаряду військові зроблять для вас фото": "When the shell will be ready, the military will take a photo of the shell for you",
    "Отримайте фото підписаного снаряду та ": "Get a photo of the signed shell and ",
    "сертифікат": "certificate",
    "в особистому кабінеті": "in a personal cabinet",
    "Приклад сертифікату": "An example of a certificate",
    "Після запуску снаряду з Вашим посланням ми відправимо Вам на пошту фото з підписаним снарядом, а також підготуємо для Вас сертифікат наступного зразка:": "After launching the shell with your message, we will send you a photo with the signed shell by email and prepare a certificate of the following sample for you:",
    "Відповіді на часті запитання": "Answers to frequently asked questions",
    "“Вы в своем уме? Там же наши дети!!!”": "Are you in your right mind? Our children are there!!!",
    "Если в Украине ваши слабоумные дети - то сделайте все от вас зависящее для того, чтобы они убрались с территории чужой для вас и беспощадной для них страны. Иначе - ваши дети-окупанты преврятятся в удобрение на нашей земле. И мы будем этому безумно рады.": "If your weak-minded children are in Ukraine, do everything in your power to get them out of the territory of a country that is foreign to you and merciless to them. Otherwise, your occupying children will turn into fertilizer on our land. And we will be extremely happy about it.",
    "“Як я можу бути впевнений що гроші пішли за призначенням”": "How can I be sure that the money will go to the Ukrainian armed forces",
    "В особистому кабінеті, в розділі «Донати направлені на наступні потреби ЗСУ» ви побачите на яку саме заявку волонтерського фонду": "In your personal cabinet, in the Donations section you will see on which request of the volunteer fund your money is spend on",
    "перерахований ваш донат. З часом заявка буде закрита, а ви будете причасним до її закриття.": "your donation has been transmitted. Over time, the application will be closed, and you will be complicit in its closing.",
    "відомий та авторитетний серед військових волонтерський фонд, який допомагає Збройним Силам України з перших днів повномасштабного вторгнення": "a well-known and authoritative volunteer foundation, which has been helping the Armed Forces of Ukraine since the first days of the full-scale invasion",
    "“Я задонатив більше тижня тому, а фото так і не прийшло”": "I donated more than a week ago and the photo didn't arrive",
    "Розуміємо. Хочеться вже побачити вашу особисту помсту рашистам. Проте не забувайте що в Україні йде війна. І наші захисники професійно роблять свою роботу на фронті. Майте терпіння. Вони зроблять фото, коли буде нагода і коли це буде безпечно.": "We understand. Want to see your personal revenge on the russianfacists . However, do not forget that there is a war in Ukraine. And our defenders do their work professionally at the frontlines .Please be patient. They will take a photo when the opportunity arises and when it will be safe to do so.",
    "При Вашому бажанні - ми повернемо Вам кошти.": "If you wish, we will return the money back to you.",
    "Війна не закінчується, а лише набирає обертів": "The war is not over, it is only gaining momentum",
    "І нажаль, кількість заявок від військових які отримує волонтерський фонд All4Ukraine, набагато більша ніж кількість донатів, які приходять від добродіїв на їх закриття.": " Unfortunately the number of requests from the military that foundation All4Ukraine receives is much bigger than the quantity of donations that come from benefactors for their closure.",
    "Даний проект - це ще один з багатьох наших способів підтримати ЗСУ та наблизити нашу Перемогу": "This project is one more way to support the Armed Forces of Ukraine and bring our Victory closer",
    "LOGIN": "LOGIN",
    "Увійти через пошту": "Log in via mail",
    "Вхід": "Login",
    "Реєстрація": "Registration",
    "Електронна пошта": "Email",
    "Пароль": "Password",
    "Запам‘ятати мене": "Remember me",
    "Забули пароль?": "Forgot your password?",
    "Увійти через соціальні мережі:": "Log in through social networks:",
    "Зареєструватися через пошту": "Register by mail",
    "Ім‘я": "Name",
    "Підтвердити пароль": "Confirm password",
    "Зареєструватися": "Sign up",
    "Закрити": "Close",
    "Або зареєструватися через соціальні мережі:": "Or register through social networks:",
    "CABINET": "CABINET",
    "Вихід": "Logout",
    "Ваші палкі побажання русні": "Your best wishes for russian pigs",
    "Ви ще не створили жодного палкого побажання русні": "You have not created a your wishes yet",
    "Підпишіть свій перший снаряд та чекайте сетифікат з передової": "Sign your first shell and wait for the certificate from the front line",
    "Створено заявку": "A request has been created",
    "Передано волонтерам": "Handed over to volunteers",
    "Відправлено ЗСУ": "Sent to the Armed Forces",
    "Отримано руснею": "Received by russian pigs",
    "Ваші сертифікати:": "Your certificates:",
    "У вас поки що немає сертифікатів": "You have no certificates yet",
    "Історія": "History",
    "було передано русні від ЗСУ": "was transferred to the russians from the Ukrainian armed forces",
    "було відправлено ЗСУ": "was sent to the Ukrainian Armed Forces",
    "було передано волонтерам. Чекайте на його відправку ЗСУ": "was transferred to volunteers, wait for it to be sent to the Armed Forces",
    "було створено. Воно буде відправлено ЗСУ після внесення даних": " It was created. It will be sent to the Armed Forces after entering the data",
    "У вас поки що немає створених послань": "You have no messages created yet",
    "Донати направлені на наступні потреби ЗСУ:": "Donations are directed to the following requests of the Ukrainian Armed Forces:",
    "У вас поки що немає створених та оплачених послань": "You have not created and paid it yet",
    "Повідомлення": "Message",
    "Сума": "Amount ",
    "Направлено на заявку": "Sent to the request",
    "Ще не розподілено": "Not distributed yet",
    "Ще не оплачено": "Not paid yet",
    "CREATE": "CREATE",
    "Створити палкий привіт": "Create a passionate greeting",
    "1. Напишіть своє послання для орків": "1. Write your message to the orcs",
    "Cимволів залишилось:": "Characters left:",
    "2. Зробіть донат на ЗСУ": "2. Make a donation to the Armed Forces",
    "Валюта": "Currency",
    "3. Напишіть ім`я отримувача сертифікату": "3. Write the name of the recipient of the certificate",
    "Ім‘я потрібно виключно для генерації": "The name is required only for generation a",
    "сертифікату": "certificate",
    "Зберегти": "Save",
    "Ще не сплачено": "Not paid yet",
    "EDIT": "EDIT",
    "Відредагувати палкий привіт": "Edit warm greetings",
    "Відредагуйте своє послання": "Edit your message",
    "Відредагуйте своє ім`я": "Edit your name",
    "Ім`я потрібно виключно для генерації": "The name is required only for generation a",
    "certificateExample": "certificateExample",
    "Після запуску ракети з Вашим посланням - ми відправимо Вам фото з підписаним снарядом, а також сформуємо для Вас сертифікат наступного зразка:": "After launching the shell with your message, we will send you a photo with the signed shell, and we will also create a certificate of the following type for you:",
    "CERRIFICATE": "CERRIFICATE",
    "Сертифікат": "Certificate",
    "Мій сертифікат": "My certificate",
    "Зацініть": "Rate it",
    "Поділитись": "Share",
    "СЕРТИФІКАТ": "CERTIFICATE",
    "Даний сертифікат являється підтвердженням факту передачі Збройними Силами України палкого привіту русні від імені": "This certificate is the validation of the fact of transfer Armed Forces of Ukraine warm greeting to the russian pigdogs from",
    "Email": "Email",
    "Шановний": "Dear",
    "Ваше повідомлення русні було успішно відправлено.": "Your message to russians pigs has been successfully sent.",
    "Фото відправлення знаходиться в додатку до даного листа": "The photo of the shipment is in the attachment to this letter",
    "Також ми підготували для вас сертифікат успішної доставки вашого повідомлення. Ви можете його завантажити в": "We have also prepared a certificate for you. You can download it from your",
    "Або увійдіть/зареєструйтесь через пошту": "Or log in/register via mail",
    "особистому кабінеті": "personal office",
    "Підписати снаряд": "Sign the shell",
    "або виберіть з шаблонів:": "or choose from templates:",
    "Шаблони:": "Templates:",
    "З найгіршими побажаннями від …": "Best wishes from ...",
    "«Мертвый русский» - це подарунок тобі, …": "Dead russians here is a gift for you, ...",
    "… , з Днем народження": "... , happy birthday",
    "Zдохніть Vсі": "Die all of you ",
    "Слава Україні": "Glory to Ukraine",
    "Фашисти": "Fascists",
    "Горіть у пеклі": "Burn in hell",
    "Ловіть привіт від …": "Receive a greeting from  ...",
    "Згинуть наші воріженьки як роса на сонці": "Go to hell russian pigs",
    "За наших дітей": "For the children",
    "Привіт відморозкам": "Hello to the scum of the Earth",
    "За Маріуполь": "For Mariupol",
    "Хороший русский - мертвый русский": "A good Russian is a dead Russian",
    "Хрю-хрю, свинособака": "Oink-oink russian pig",
    "Підписати снаряд в особистому кабінеті": "Sign the shell in your personal cabinet"
}
