

{
    "MENU": "メニュー",
    "Головна": "主要",
    "Про проект": "プロジェクトについて",
    "Умови": "条件",
    "FAQ": "よくある質問",
    "В кабінет": "キャビネットへ",
    "Панель адміністратора": "管理パネル",
    "FOOTER": "フッター",
    "Умови розіграшу": "抽選条件",
    "Контакти": "連絡先",
    "HOME": "家",
    "Передай привіт": "こんにちはと言う",
    "окупантам": "占領者に",
    "Підпиши снаряд для загарбників та допоможи нашим воїнам вигнати рашистську нечисть з українскької землі!": "侵略者の砲弾に署名し、私たちの兵士がウクライナの土地からロシアの悪を追放するのを手伝ってください!",
    "Задонать на ЗСУ": "軍隊に寄付する",
    "Підпиши снаряд": "シェルに署名する",
    "Отримай фото з підписом та": "署名付きの写真を入手する o",
    "Снарядів": "シェル",
    "вже підписано": "署名済み",
    "Добродіїв долучилось до “гарячого прийому” окупантів": "入居者の温かい歓迎に加わった寄付者",
    "Передано фонду All4Ukraine для закриття потреб ЗСУ": "ウクライナ軍のニーズをカバーするためにAll4Ukraine財団に移管",
    "Особистий кабінет": "キャビネットへ",
    "Мир на нашій землі можливий лише за умови тотального знищення світового зла під назвою «Русскіє».": "私たちの土地の平和は、「ロシア」と呼ばれる世界の悪の完全な破壊の条件の下でのみ可能です",
    "А для цього, в свою чергу, потрібна фінансова допомога для закриття потреб наших захисників.": "これを実現するには、防御側のニーズを満たすための財政支援が必要です。",
    "Тому ми організували оригінальний спосіб допомоги ЗСУ, і одночасно долучитись до знизення рашистів на нашій землі.": "だからこそ、私たちは軍隊を支援するこのユニークな方法を組織し、同時に、私たちの土地でのロシアンファシストの削減に参加しました.",
    "Всі залучені від проекту кошти відразу поступають на рахунок волонтерського фонду All4Ukraine, який з перших днів повномасштабної війни допомагає ЗСУ, закриваючи їх матеріальні потреби.": "プロジェクトから調達されたすべての資金は、全面戦争の初日から軍隊を支援し、彼らの物質的なニーズをカバーしてきたAll4Ukraine財団に直ちに送られます.",
    "Це війна кожного з нас": "この戦争は私たち一人一人に対する戦争です",
    "І кожен може внести свій вклад в перемогу!": "そして、誰もがその勝利に貢献できます!",
    "Умови участі": "参加条件",
    "Створіть заявку на підпис на снаряді в особистому кабінеті на даному сайті": "この Web サイトの個人アカウントで、シェルに署名付きのリクエストを作成します",
    "Внесіть донат на рахунок волонтерського фонду All4Ukraine": "All4Ukraine 財団に寄付する",
    "По мірі готовності снаряду військові зроблять для вас фото": "砲弾の準備が整うと、軍が砲弾の写真を撮ります",
    "Отримайте фото підписаного снаряду та ": "署名されたシェルの写真を取得し、 ",
    "сертифікат": "証明書",
    "в особистому кабінеті": "個人のキャビネットに",
    "Приклад сертифікату": "証明書の例",
    "Після запуску снаряду з Вашим посланням ми відправимо Вам на пошту фото з підписаним снарядом, а також підготуємо для Вас сертифікат наступного зразка:": "メッセージでシェルを起動した後、署名付きシェルの写真を電子メールで送信し、次のサンプルの証明書を準備します。",
    "Відповіді на часті запитання": "よくある質問への回答",
    "“Вы в своем уме? Там же наши дети!!!”": "あなたは正気ですか？ 私たちの子供たちがそこにいます!!!",
    "Если в Украине ваши слабоумные дети - то сделайте все от вас зависящее для того, чтобы они убрались с территории чужой для вас и беспощадной для них страны. Иначе - ваши дети-окупанты преврятятся в удобрение на нашей земле. И мы будем этому безумно рады.": "心の弱い子供たちがウクライナにいる場合は、あなたにとって異質で無慈悲な国の領土から子供たちを連れ出すために、できる限りのことをしてください。 さもなければ、あなたの占領している子供たちは、私たちの土地で肥料に変わります. そして、私たちはそれについて非常に満足しています。",
    "“Як я можу бути впевнений що гроші пішли за призначенням”": "お金がウクライナ軍に送られることをどのように確認できますか",
    "В особистому кабінеті, в розділі «Донати направлені на наступні потреби ЗСУ» ви побачите на яку саме заявку волонтерського фонду": "あなたのパーソナル キャビネットの [寄付] セクションで、あなたのお金がボランティア基金のどの要求に費やされているかを確認できます。",
    "перерахований ваш донат. З часом заявка буде закрита, а ви будете причасним до її закриття.": "あなたの寄付は送信されました。 時間が経つにつれて、アプリケーションは閉鎖され、あなたはその閉鎖に加担することになります。",
    "відомий та авторитетний серед військових волонтерський фонд, який допомагає Збройним Силам України з перших днів повномасштабного вторгнення": "本格的な侵略の最初の日からウクライナ軍を支援してきた、有名で権威のあるボランティア財団",
    "“Я задонатив більше тижня тому, а фото так і не прийшло”": "1週間以上前に寄付したのに写真が届かない",
    "Розуміємо. Хочеться вже побачити вашу особисту помсту рашистам. Проте не забувайте що в Україні йде війна. І наші захисники професійно роблять свою роботу на фронті. Майте терпіння. Вони зроблять фото, коли буде нагода і коли це буде безпечно.": "わかりました。 ロシアファシストに対するあなたの個人的な復讐を見たい. ただし、ウクライナで戦争があることを忘れないでください。 そして、私たちの防御者は最前線で専門的に仕事をしています.しばらくお待ちください. 彼らは、機会があり、安全に撮影できるときに写真を撮ります。",
    "При Вашому бажанні - ми повернемо Вам кошти.": "ご希望の場合は、返金いたします。",
    "Війна не закінчується, а лише набирає обертів": "戦争は終わっていない、勢いを増すばかりだ",
    "І нажаль, кількість заявок від військових які отримує волонтерський фонд All4Ukraine, набагато більша ніж кількість донатів, які приходять від добродіїв на їх закриття.": "残念なことに、財団 All4Ukraine が受け取った軍からの要請の数は、閉鎖のために後援者から寄せられた寄付の量よりもはるかに多い.",
    "Даний проект - це ще один з багатьох наших способів підтримати ЗСУ та наблизити нашу Перемогу": "このプロジェクトは、ウクライナ軍を支援し、勝利を近づけるもう 1 つの方法です。",
    "LOGIN": "ログイン",
    "Увійти через пошту": "メールでログイン",
    "Вхід": "ログイン",
    "Реєстрація": "登録",
    "Електронна пошта": "Eメール",
    "Пароль": "パスワード",
    "Запам‘ятати мене": "私を覚えてますか",
    "Забули пароль?": "パスワードをお忘れですか？",
    "Увійти через соціальні мережі:": "ソーシャル ネットワークからログインします。",
    "Зареєструватися через пошту": "メールで登録",
    "Ім‘я": "名前",
    "Підтвердити пароль": "パスワードを認証する",
    "Зареєструватися": "サインアップ",
    "Закрити": "近い",
    "Або зареєструватися через соціальні мережі:": "または、ソーシャル ネットワークから登録します。",
    "CABINET": "戸棚",
    "Вихід": "ログアウト",
    "Ваші палкі побажання русні": "ロシアの豚たちのご冥福をお祈りいたします",
    "Ви ще не створили жодного палкого побажання русні": "あなたはまだウィッシュを作成していません",
    "Підпишіть свій перший снаряд та чекайте сетифікат з передової": "最初のシェルに署名し、最前線からの証明書を待ちます",
    "Створено заявку": "リクエストが作成されました",
    "Передано волонтерам": "ボランティアに引き渡し",
    "Відправлено ЗСУ": "軍隊に送られる",
    "Отримано руснею": "ロシアの豚が受け取る",
    "Ваші сертифікати:": "あなたの証明書:",
    "У вас поки що немає сертифікатів": "まだ証明書がありません",
    "Історія": "歴史",
    "було передано русні від ЗСУ": "ウクライナ軍からロシア軍に移送された",
    "було відправлено ЗСУ": "ウクライナ軍に派遣された",
    "було передано волонтерам. Чекайте на його відправку ЗСУ": "志願兵に移送され、軍隊に送られるのを待ちます",
    "було створено. Воно буде відправлено ЗСУ після внесення даних": "それは作られた。 データ入力後、軍隊に送付されます",
    "У вас поки що немає створених послань": "メッセージはまだ作成されていません",
    "Донати направлені на наступні потреби ЗСУ:": "寄付は、ウクライナ軍の次の要求に向けられます。",
    "У вас поки що немає створених та оплачених послань": "あなたはまだそれを作成して支払っていません",
    "Повідомлення": "メッセージ",
    "Сума": "額",
    "Направлено на заявку": "リクエストに送信",
    "Ще не розподілено": "まだ配布されていません",
    "Ще не оплачено": "まだ支払われていません",
    "CREATE": "作成",
    "Створити палкий привіт": "情熱的な挨拶を作成する",
    "1. Напишіть своє послання для орків": "1. オークにメッセージを書く",
    "Cимволів залишилось:": "残りの文字:",
    "2. Зробіть донат на ЗСУ": "2. 軍隊への寄付",
    "Валюта": "通貨",
    "3. Напишіть ім`я отримувача сертифікату": "3.証明書の受取人の名前を書きます",
    "Ім‘я потрібно виключно для генерації": "名前は、世代 a にのみ必要です。",
    "сертифікату": "証明書",
    "Зберегти": "保存",
    "Ще не сплачено": "まだ支払われていません",
    "EDIT": "編集",
    "Відредагувати палкий привіт": "温かい挨拶を編集する",
    "Відредагуйте своє послання": "メッセージを編集する",
    "Відредагуйте своє ім`я": "名前を編集する",
    "Ім`я потрібно виключно для генерації": "名前は、世代 a にのみ必要です。",
    "certificateExample": "証明書の例",
    "Після запуску ракети з Вашим посланням - ми відправимо Вам фото з підписаним снарядом, а також сформуємо для Вас сертифікат наступного зразка:": "メッセージでシェルを起動した後、署名済みのシェルの写真を送信し、次のタイプの証明書も作成します。",
    "CERRIFICATE": "証明書",
    "Сертифікат": "証明書",
    "Мій сертифікат": "私の証明書",
    "Зацініть": "それを評価",
    "Поділитись": "共有",
    "СЕРТИФІКАТ": "証明書",
    "Даний сертифікат являється підтвердженням факту передачі Збройними Силами України палкого привіту русні від імені": "この証明書は、ロシアのピッグドッグへのウクライナ軍の暖かい挨拶の移転の事実の検証です。",
    "Email": "Eメール",
    "Шановний": "親愛なる",
    "Ваше повідомлення русні було успішно відправлено.": "ロシアの豚へのあなたのメッセージは成功しました 正常に送信されました。",
    "Фото відправлення знаходиться в додатку до даного листа": "出荷の写真は、この手紙の添付ファイルにあります",
    "Також ми підготували для вас сертифікат успішної доставки вашого повідомлення. Ви можете його завантажити в": "証明書もご用意しております。 からダウンロードできます。",
    "Або увійдіть/зареєструйтесь через пошту": "または、メールでログイン/登録",
    "особистому кабінеті": "個人事務所",
    "Підписати снаряд": "シェルに署名する",
    "або виберіть з шаблонів:": "またはテンプレートから選択します。",
    "Шаблони:": "テンプレートです。",
    "З найгіршими побажаннями від …": "Best wishes from ...",
    "«Мертвый русский» - це подарунок тобі, …": "Dead russians here is a gift for you, ...",
    "… , з Днем народження": "... , happy birthday",
    "Zдохніть Vсі": "Die all of you ",
    "Слава Україні": "Glory to Ukraine",
    "Фашисти": "Fascists",
    "Горіть у пеклі": "Burn in hell",
    "Ловіть привіт від …": "Receive a greeting from  ...",
    "Згинуть наші воріженьки як роса на сонці": "Go to hell russian pigs",
    "За наших дітей": "For the children",
    "Привіт відморозкам": "Hello to the scum of the Earth",
    "За Маріуполь": "For Mariupol",
    "Хороший русский - мертвый русский": "A good Russian is a dead Russian",
    "Хрю-хрю, свинособака": "Oink-oink russian pig",
    "Підписати снаряд в особистому кабінеті": "個人アカウントでシェルに署名する"
}
