

{
    "MENU": "MENU",
    "Головна": "Główny",
    "Про проект": "O projekcie",
    "Умови": "Warunki",
    "FAQ": "Często zadawane pytania",
    "В кабінет": "Do gabinetu",
    "Панель адміністратора": "Panel administratora",
    "FOOTER": "STOPKA",
    "Умови розіграшу": "Warunki losowania",
    "Контакти": "Łączność",
    "HOME": "DOM",
    "Передай привіт": "Powiedz cześć",
    "окупантам": "do okupantów",
    "Підпиши снаряд для загарбників та допоможи нашим воїнам вигнати рашистську нечисть з українскької землі!": "Podpisz pocisk dla najeźdźców i pomóż naszym żołnierzom wypędzić rosyjskie zło z ukraińskiej ziemi!",
    "Задонать на ЗСУ": "Przekaż darowiznę Siłom Zbrojnym",
    "Підпиши снаряд": "Podpisz skorupę",
    "Отримай фото з підписом та": "Zdobądź zdjęcie z podpisem o",
    "Снарядів": "Muszle",
    "вже підписано": "już podpisane",
    "Добродіїв долучилось до “гарячого прийому” окупантів": "Darczyńcy, którzy włączyli się w ciepłe przyjęcie okupantów",
    "Передано фонду All4Ukraine для закриття потреб ЗСУ": "Przeniesiony do fundacji All4Ukraine na potrzeby Sił Zbrojnych Ukrainy",
    "Особистий кабінет": "Do gabinetu",
    "Мир на нашій землі можливий лише за умови тотального знищення світового зла під назвою «Русскіє».": "Pokój na naszej ziemi jest możliwy tylko pod warunkiem całkowitego zniszczenia światowego zła zwanego „ruskim”",
    "А для цього, в свою чергу, потрібна фінансова допомога для закриття потреб наших захисників.": "Aby tak się stało, potrzebujemy pomocy finansowej na zaspokojenie potrzeb naszych obrońców.",
    "Тому ми організували оригінальний спосіб допомоги ЗСУ, і одночасно долучитись до знизення рашистів на нашій землі.": "Dlatego zorganizowaliśmy ten wyjątkowy sposób pomocy Siłom Zbrojnym, a jednocześnie włączyliśmy się w redukcję faszyzmu rosyjskiego na naszej ziemi.",
    "Всі залучені від проекту кошти відразу поступають на рахунок волонтерського фонду All4Ukraine, який з перших днів повномасштабної війни допомагає ЗСУ, закриваючи їх матеріальні потреби.": "Wszystkie środki zebrane z projektu natychmiast trafią do fundacji All4Ukraine, która od pierwszego dnia wojny na pełną skalę pomaga Siłom Zbrojnym, pokrywając ich potrzeby materialne.",
    "Це війна кожного з нас": "Ta wojna jest wojną przeciwko każdemu z nas",
    "І кожен може внести свій вклад в перемогу!": "I każdy może przyczynić się do jej zwycięstwa!",
    "Умови участі": "Warunki uczestnictwa",
    "Створіть заявку на підпис на снаряді в особистому кабінеті на даному сайті": "Utwórz prośbę z podpisem na powłoce na swoim koncie osobistym na tej stronie internetowej",
    "Внесіть донат на рахунок волонтерського фонду All4Ukraine": "Przekaż darowiznę na rzecz fundacji All4Ukraine",
    "По мірі готовності снаряду військові зроблять для вас фото": "Kiedy pocisk będzie gotowy, wojsko zrobi dla ciebie zdjęcie pocisku",
    "Отримайте фото підписаного снаряду та ": "Zrób zdjęcie podpisanej powłoki i ",
    "сертифікат": "certyfikat",
    "в особистому кабінеті": "w osobistym gabinecie",
    "Приклад сертифікату": "Przykład certyfikatu",
    "Після запуску снаряду з Вашим посланням ми відправимо Вам на пошту фото з підписаним снарядом, а також підготуємо для Вас сертифікат наступного зразка:": "Po uruchomieniu powłoki wraz z Twoją wiadomością, prześlemy Ci zdjęcie z podpisaną powłoką e-mailem i przygotujemy dla Ciebie certyfikat o następującej próbce:",
    "Відповіді на часті запитання": "Odpowiedzi na najczęściej zadawane pytania",
    "“Вы в своем уме? Там же наши дети!!!”": "Czy jesteś przy zdrowych zmysłach? Nasze dzieci tam są!!!",
    "Если в Украине ваши слабоумные дети - то сделайте все от вас зависящее для того, чтобы они убрались с территории чужой для вас и беспощадной для них страны. Иначе - ваши дети-окупанты преврятятся в удобрение на нашей земле. И мы будем этому безумно рады.": "Jeśli wasze słabe umysłowo dzieci są na Ukrainie, zróbcie wszystko, co w waszej mocy, aby wydostać je z terytorium kraju, który jest wam obcy i dla nich bezlitosny. W przeciwnym razie wasze okupacyjne dzieci zamienią się w nawóz na naszej ziemi. I będziemy z tego powodu bardzo szczęśliwi.",
    "“Як я можу бути впевнений що гроші пішли за призначенням”": "Skąd mam pewność, że pieniądze trafią do ukraińskich sił zbrojnych",
    "В особистому кабінеті, в розділі «Донати направлені на наступні потреби ЗСУ» ви побачите на яку саме заявку волонтерського фонду": "W swojej osobistej szafce, w sekcji Darowizny, zobaczysz, na jaką prośbę funduszu wolontariackiego wydawane są Twoje pieniądze",
    "перерахований ваш донат. З часом заявка буде закрита, а ви будете причасним до її закриття.": "Twoja darowizna została przekazana. Z biegiem czasu aplikacja zostanie zamknięta, a ty będziesz współwinny jej zamknięciu.",
    "відомий та авторитетний серед військових волонтерський фонд, який допомагає Збройним Силам України з перших днів повномасштабного вторгнення": "znana i autorytatywna fundacja ochotnicza, która pomaga Siłom Zbrojnym Ukrainy od pierwszych dni inwazji na pełną skalę",
    "“Я задонатив більше тижня тому, а фото так і не прийшло”": "Przekazałem darowiznę ponad tydzień temu, a zdjęcie nie dotarło",
    "Розуміємо. Хочеться вже побачити вашу особисту помсту рашистам. Проте не забувайте що в Україні йде війна. І наші захисники професійно роблять свою роботу на фронті. Майте терпіння. Вони зроблять фото, коли буде нагода і коли це буде безпечно.": "Rozumiemy. Chcesz zobaczyć swoją osobistą zemstę na rosyjskich faszystach. Nie zapominajmy jednak, że na Ukrainie trwa wojna. A nasi obrońcy wykonują swoją pracę profesjonalnie na froncie. Prosimy o cierpliwość. Zrobią zdjęcie, gdy nadarzy się okazja i kiedy będzie to bezpieczne.",
    "При Вашому бажанні - ми повернемо Вам кошти.": "Jeśli chcesz, zwrócimy Ci pieniądze.",
    "Війна не закінчується, а лише набирає обертів": "Wojna się nie skończyła, tylko nabiera rozpędu",
    "І нажаль, кількість заявок від військових які отримує волонтерський фонд All4Ukraine, набагато більша ніж кількість донатів, які приходять від добродіїв на їх закриття.": "Niestety liczba próśb ze strony wojska, które otrzymuje fundacja All4Ukraine jest znacznie większa niż ilość datków, które napływają od dobrodziejów na jej zamknięcie.",
    "Даний проект - це ще один з багатьох наших способів підтримати ЗСУ та наблизити нашу Перемогу": "Ten projekt to jeszcze jeden sposób wsparcia Sił Zbrojnych Ukrainy i przybliżenia naszego Zwycięstwa",
    "LOGIN": "ZALOGUJ SIE",
    "Увійти через пошту": "Zaloguj się przez pocztę",
    "Вхід": "Zaloguj sie",
    "Реєстрація": "Rejestracja",
    "Електронна пошта": "E-mail",
    "Пароль": "Hasło",
    "Запам‘ятати мене": "Zapamiętaj mnie",
    "Забули пароль?": "Zapomniałeś hasła?",
    "Увійти через соціальні мережі:": "Zaloguj się przez sieci społecznościowe:",
    "Зареєструватися через пошту": "Zarejestruj się pocztą",
    "Ім‘я": "Nazwa",
    "Підтвердити пароль": "Potwierdź hasło",
    "Зареєструватися": "Zapisać się",
    "Закрити": "Zamknąć",
    "Або зареєструватися через соціальні мережі:": "Lub zarejestruj się za pośrednictwem sieci społecznościowych:",
    "CABINET": "GABINET",
    "Вихід": "Wyloguj",
    "Ваші палкі побажання русні": "Najlepsze życzenia dla rosyjskich świń",
    "Ви ще не створили жодного палкого побажання русні": "Nie utworzyłeś jeszcze swoich życzeń",
    "Підпишіть свій перший снаряд та чекайте сетифікат з передової": "Podpisz swoją pierwszą powłokę i poczekaj na certyfikat z pierwszej linii",
    "Створено заявку": "Żądanie zostało utworzone",
    "Передано волонтерам": "Przekazano wolontariuszom",
    "Відправлено ЗСУ": "Wysłany do Sił Zbrojnych",
    "Отримано руснею": "Otrzymane przez rosyjskie świnie",
    "Ваші сертифікати:": "Twoje certyfikaty:",
    "У вас поки що немає сертифікатів": "Nie masz jeszcze żadnych certyfikatów",
    "Історія": "Historia",
    "було передано русні від ЗСУ": "został przekazany Rosjanom z ukraińskich sił zbrojnych",
    "було відправлено ЗСУ": "trafił do Sił Zbrojnych Ukrainy",
    "було передано волонтерам. Чекайте на його відправку ЗСУ": "został przekazany ochotnikom, poczekaj, aż zostanie wysłany do Sił Zbrojnych",
    "було створено. Воно буде відправлено ЗСУ після внесення даних": "Zostało stworzone. Po wprowadzeniu danych zostanie przesłany do Sił Zbrojnych",
    "У вас поки що немає створених послань": "Nie masz jeszcze utworzonych żadnych wiadomości",
    "Донати направлені на наступні потреби ЗСУ:": "Darowizny kierowane są na następujące prośby Sił Zbrojnych Ukrainy:",
    "У вас поки що немає створених та оплачених послань": "Jeszcze go nie utworzyłeś i nie zapłaciłeś",
    "Повідомлення": "Wiadomość",
    "Сума": "Kwota",
    "Направлено на заявку": "Wysłane na prośbę",
    "Ще не розподілено": "Jeszcze nie dystrybuowane",
    "Ще не оплачено": "Jeszcze niezapłacono",
    "CREATE": "TWORZYĆ",
    "Створити палкий привіт": "Utwórz namiętne powitanie",
    "1. Напишіть своє послання для орків": "1. Napisz wiadomość do orków",
    "Cимволів залишилось:": "Pozostałe znaki:",
    "2. Зробіть донат на ЗСУ": "2. Przekaż darowiznę na rzecz Sił Zbrojnych",
    "Валюта": "Waluta",
    "3. Напишіть ім`я отримувача сертифікату": "3. Wpisz nazwę odbiorcy certyfikatu",
    "Ім‘я потрібно виключно для генерації": "Nazwa jest wymagana tylko dla generacji a",
    "сертифікату": "certyfikat",
    "Зберегти": "Ratować",
    "Ще не сплачено": "Jeszcze niezapłacono",
    "EDIT": "EDYTOWAĆ",
    "Відредагувати палкий привіт": "Edytuj ciepłe pozdrowienia",
    "Відредагуйте своє послання": "Edytuj swoją wiadomość",
    "Відредагуйте своє ім`я": "Edytuj swoje imię",
    "Ім`я потрібно виключно для генерації": "Nazwa jest wymagana tylko dla generacji a",
    "certificateExample": "certyfikatPrzykład",
    "Після запуску ракети з Вашим посланням - ми відправимо Вам фото з підписаним снарядом, а також сформуємо для Вас сертифікат наступного зразка:": "Po uruchomieniu powłoki z Twoją wiadomością wyślemy Ci zdjęcie z podpisaną powłoką, a także stworzymy dla Ciebie certyfikat następującego typu:",
    "CERRIFICATE": "CERTYFIKAT",
    "Сертифікат": "Certyfikat",
    "Мій сертифікат": "Mój certyfikat",
    "Зацініть": "Oceń to",
    "Поділитись": "Udział",
    "СЕРТИФІКАТ": "CERTYFIKAT",
    "Даний сертифікат являється підтвердженням факту передачі Збройними Силами України палкого привіту русні від імені": "Certyfikat ten jest potwierdzeniem faktu przekazania Sił Zbrojnych Ukrainy serdeczne pozdrowienia dla rosyjskich świnek z",
    "Email": "E-mail",
    "Шановний": "Droga",
    "Ваше повідомлення русні було успішно відправлено.": "Twoja wiadomość dla rosyjskich świń okazała się skuteczna celnie wysłane.",
    "Фото відправлення знаходиться в додатку до даного листа": "Zdjęcie przesyłki znajduje się w załączniku do niniejszego pisma",
    "Також ми підготували для вас сертифікат успішної доставки вашого повідомлення. Ви можете його завантажити в": "Przygotowaliśmy również dla Ciebie certyfikat. Możesz go pobrać ze swojego",
    "Або увійдіть/зареєструйтесь через пошту": "Lub zaloguj się/zarejestruj przez pocztę",
    "особистому кабінеті": "gabinet osobisty",
    "Підписати снаряд": "Podpisz skorupę",
    "або виберіть з шаблонів:": "lub wybrać z szablonów:",
    "Шаблони:": "Szablony:",
    "З найгіршими побажаннями від …": "Best wishes from ...",
    "«Мертвый русский» - це подарунок тобі, …": "Dead russians here is a gift for you, ...",
    "… , з Днем народження": "... , happy birthday",
    "Zдохніть Vсі": "Die all of you ",
    "Слава Україні": "Glory to Ukraine",
    "Фашисти": "Fascists",
    "Горіть у пеклі": "Burn in hell",
    "Ловіть привіт від …": "Receive a greeting from  ...",
    "Згинуть наші воріженьки як роса на сонці": "Go to hell russian pigs",
    "За наших дітей": "For the children",
    "Привіт відморозкам": "Hello to the scum of the Earth",
    "За Маріуполь": "For Mariupol",
    "Хороший русский - мертвый русский": "A good Russian is a dead Russian",
    "Хрю-хрю, свинособака": "Oink-oink russian pig",
    "Підписати снаряд в особистому кабінеті": "Podpisz skorupę na swoim koncie osobistym"
}
