

{
    "MENU": "MENU",
    "Головна": "Principal",
    "Про проект": "Sobre o projeto",
    "Умови": "Condições",
    "FAQ": "Perguntas frequentes",
    "В кабінет": "Para o gabinete",
    "Панель адміністратора": "Painel administrativo",
    "FOOTER": "RODAPÉ",
    "Умови розіграшу": "Termos do desenho",
    "Контакти": "Contatos",
    "HOME": "INÍCIO",
    "Передай привіт": "Diga olá",
    "окупантам": "aos ocupantes",
    "Підпиши снаряд для загарбників та допоможи нашим воїнам вигнати рашистську нечисть з українскької землі!": "Assine a munição para os invasores e ajude nossos soldados a expulsar o russo maligno das terras ucranianas!",
    "Задонать на ЗСУ": "Doe para as Forças Armadas",
    "Підпиши снаряд": "Assine a munição",
    "Отримай фото з підписом та": "Ganhe uma foto com a assinatura",
    "Снарядів": "Munições",
    "вже підписано": "já assinado",
    "Добродіїв долучилось до “гарячого прийому” окупантів": "Doadores que aderiram à calorosa recepção aos ocupantes",
    "Передано фонду All4Ukraine для закриття потреб ЗСУ": "Transferido para a fundação All4Ukraine para cobrir as necessidades das Forças Armadas da Ucrânia",
    "Особистий кабінет": "Para o gabinete",
    "Мир на нашій землі можливий лише за умови тотального знищення світового зла під назвою «Русскіє».": "A paz em nossa terra só é possível sob a condição de destruição total do mal mundial chamado «russo»",
    "А для цього, в свою чергу, потрібна фінансова допомога для закриття потреб наших захисників.": "Para que isso aconteça, precisamos de assistência financeira para atender às necessidades de nossos defensores.",
    "Тому ми організували оригінальний спосіб допомоги ЗСУ, і одночасно долучитись до знизення рашистів на нашій землі.": "É por isso que organizamos esta forma distinta de ajudar as Forças Armadas e, ao mesmo tempo, juntar-se à remoção dos russofacistas em nossa terra.",
    "Всі залучені від проекту кошти відразу поступають на рахунок волонтерського фонду All4Ukraine, який з перших днів повномасштабної війни допомагає ЗСУ, закриваючи їх матеріальні потреби.": "Todos os fundos arrecadados com o projeto irão imediatamente para a fundação All4Ukraine, que tem ajudado as Forças Armadas desde o primeiro dia da guerra em grande escala, cobrindo suas necessidades materiais.",
    "Це війна кожного з нас": "Esta guerra é a guerra contra cada um de nós",
    "І кожен може внести свій вклад в перемогу!": "E todos podem contribuir para a vitória!",
    "Умови участі": "Condições de participação",
    "Створіть заявку на підпис на снаряді в особистому кабінеті на даному сайті": "Crie uma solicitação com uma assinatura em uma munição através de sua conta pessoal neste site",
    "Внесіть донат на рахунок волонтерського фонду All4Ukraine": "Faça uma doação para a fundação All4Ukraine",
    "По мірі готовності снаряду військові зроблять для вас фото": "Quando a munição estiver pronta, os militares tirarão uma foto dela para você",
    "Отримайте фото підписаного снаряду та ": "Ganhe uma foto com a munição assinada e ",
    "сертифікат": "um certificado",
    "в особистому кабінеті": "em um armário pessoal",
    "Приклад сертифікату": "Um exemplo de certificado",
    "Після запуску снаряду з Вашим посланням ми відправимо Вам на пошту фото з підписаним снарядом, а також підготуємо для Вас сертифікат наступного зразка:": "Depois de disparar a munição com sua mensagem, enviaremos uma foto com a munição assinada por e-mail e lhe prepararemos um certificado tal como o a seguir:",
    "Відповіді на часті запитання": "Respostas para perguntas frequentes",
    "“Вы в своем уме? Там же наши дети!!!”": "Você está em seu juízo perfeito? Nossos filhos estão aí!!!",
    "Если в Украине ваши слабоумные дети - то сделайте все от вас зависящее для того, чтобы они убрались с территории чужой для вас и беспощадной для них страны. Иначе - ваши дети-окупанты преврятятся в удобрение на нашей земле. И мы будем этому безумно рады.": "Se seus filhos de mente fraca estão na Ucrânia, faça tudo ao seu alcance para tirá-los do território de um país que é estrangeiro para você e impiedoso com eles. Caso contrário, seus filhos ocupantes se transformarão em fertilizante em nossa terra. E ficaremos extremamente felizes com isso.",
    "“Як я можу бути впевнений що гроші пішли за призначенням”": "Como posso ter certeza de que o dinheiro irá para as forças armadas ucranianas",
    "В особистому кабінеті, в розділі «Донати направлені на наступні потреби ЗСУ» ви побачите на яку саме заявку волонтерського фонду": "Em seu gabinete pessoal, na seção Doações, você verá em qual solicitação do fundo de voluntariado seu dinheiro é gasto",
    "перерахований ваш донат. З часом заявка буде закрита, а ви будете причасним до її закриття.": "Sua doação foi transmitida. Com o tempo, o aplicativo será fechado e você será avisado de seu fechamento.",
    "відомий та авторитетний серед військових волонтерський фонд, який допомагає Збройним Силам України з перших днів повномасштабного вторгнення": "Uma fundação voluntária conhecida e autorizada, que tem ajudado as Forças Armadas da Ucrânia desde os primeiros dias da invasão em grande escala",
    "“Я задонатив більше тижня тому, а фото так і не прийшло”": "Doei a mais de uma semana e a foto não chegou",
    "Розуміємо. Хочеться вже побачити вашу особисту помсту рашистам. Проте не забувайте що в Україні йде війна. І наші захисники професійно роблять свою роботу на фронті. Майте терпіння. Вони зроблять фото, коли буде нагода і коли це буде безпечно.": "Nós entendemos. Quer ver sua vingança pessoal contra os fascistas russos. No entanto, não se esqueça que há uma guerra na Ucrânia. E nossos defensores fazem seu trabalho profissionalmente na linha de frente. Por favor, seja paciente. Eles tirarão uma foto quando surgir a oportunidade e quando for seguro fazê-lo.",
    "При Вашому бажанні - ми повернемо Вам кошти.": "Se desejar, devolvemos o dinheiro para você.",
    "Війна не закінчується, а лише набирає обертів": "A guerra não acabou, está apenas ganhando impulso",
    "І нажаль, кількість заявок від військових які отримує волонтерський фонд All4Ukraine, набагато більша ніж кількість донатів, які приходять від добродіїв на їх закриття.": "Infelizmente o número de pedidos dos militares que a fundação All4Ukraine recebe é muito maior do que a quantidade de doações que vem de benfeitores para o seu fechamento.",
    "Даний проект - це ще один з багатьох наших способів підтримати ЗСУ та наблизити нашу Перемогу": "Este projeto é mais uma forma de apoiar as Forças Armadas da Ucrânia e aproximar nossa Vitória",
    "LOGIN": "LOGIN",
    "Увійти через пошту": "Login por e-mail",
    "Вхід": "Login",
    "Реєстрація": "Cadastro",
    "Електронна пошта": "E-mail",
    "Пароль": "Senha",
    "Запам‘ятати мене": "Lembrar de mim",
    "Забули пароль?": "Esqueceu sua senha?",
    "Увійти через соціальні мережі:": "Login através das redes sociais:",
    "Зареєструватися через пошту": "Registre-se por e-mail",
    "Ім‘я": "Nome",
    "Підтвердити пароль": "Confirme sua senha",
    "Зареєструватися": "Inscrever-se",
    "Закрити": "Fechar",
    "Або зареєструватися через соціальні мережі:": "Ou cadastre-se pelas redes sociais:",
    "CABINET": "GABINETE",
    "Вихід": "Sair",
    "Ваші палкі побажання русні": "Seus melhores desejos para os porcos russos",
    "Ви ще не створили жодного палкого побажання русні": "Você ainda não criou seus desejos",
    "Підпишіть свій перший снаряд та чекайте сетифікат з передової": "Assine sua primeira munição e aguarde o certificado da linha de frente",
    "Створено заявку": "Uma solicitação foi criada",
    "Передано волонтерам": "Entregue a voluntários",
    "Відправлено ЗСУ": "Enviado para as Forças Armadas",
    "Отримано руснею": "Recebido por porcos russos",
    "Ваші сертифікати:": "Seus certificados:",
    "У вас поки що немає сертифікатів": "Você ainda não tem certificados",
    "Історія": "História",
    "було передано русні від ЗСУ": "Foi transferido para os russos através das forças armadas ucranianas",
    "було відправлено ЗСУ": "Foi enviado para as Forças Armadas Ucranianas",
    "було передано волонтерам. Чекайте на його відправку ЗСУ": "Foi transferido para voluntários, aguarde o envio para as Forças Armadas",
    "було створено. Воно буде відправлено ЗСУ після внесення даних": "Foi criado. Ele será enviado para as Forças Armadas após inserir os dados",
    "У вас поки що немає створених послань": "Você ainda não tem mensagens criadas",
    "Донати направлені на наступні потреби ЗСУ:": "As doações são direcionadas para os seguintes pedidos das Forças Armadas Ucranianas:",
    "У вас поки що немає створених та оплачених послань": "Você ainda não criou e pagou",
    "Повідомлення": "Mensagem",
    "Сума": "Quantia",
    "Направлено на заявку": "Enviado para o pedido",
    "Ще не розподілено": "Ainda não distribuído",
    "Ще не оплачено": "Ainda não pago",
    "CREATE": "CRIAR",
    "Створити палкий привіт": "Crie uma saudação calorosa",
    "1. Напишіть своє послання для орків": "1. Escreva sua mensagem para os orcs",
    "Cимволів залишилось:": "Caracteres restantes:",
    "2. Зробіть донат на ЗСУ": "2. Faça uma doação para as Forças Armadas",
    "Валюта": "Moeda",
    "3. Напишіть ім`я отримувача сертифікату": "3. Escreva o nome do destinatário do certificado",
    "Ім‘я потрібно виключно для генерації": "O nome é necessário apenas para a geração de um",
    "сертифікату": "certificado",
    "Зберегти": "Salvar",
    "Ще не сплачено": "Ainda não pago",
    "EDIT": "EDITAR",
    "Відредагувати палкий привіт": "Editar saudações calorosas",
    "Відредагуйте своє послання": "Edite sua mensagem",
    "Відредагуйте своє ім`я": "Edite seu nome",
    "Ім`я потрібно виключно для генерації": "O nome é necessário apenas para a geração de um",
    "certificateExample": "certificadoExemplo",
    "Після запуску ракети з Вашим посланням - ми відправимо Вам фото з підписаним снарядом, а також сформуємо для Вас сертифікат наступного зразка:": "Após disparar a munição com sua mensagem, enviaremos uma foto com a munição assinada e também criaremos um certificado do seguinte tipo para você:",
    "CERRIFICATE": "CERTIFICADO",
    "Сертифікат": "Certificado",
    "Мій сертифікат": "Meu certificado",
    "Зацініть": "Avalie",
    "Поділитись": "Compartilhar",
    "СЕРТИФІКАТ": "CERTIFICADO",
    "Даний сертифікат являється підтвердженням факту передачі Збройними Силами України палкого привіту русні від імені": "Este certificado reconhece a transferência das calorosas saudações das Forças Armadas da Ucrânia aos russos porcofacistas",
    "Email": "E-mail",
    "Шановний": "Prezado(a)",
    "Ваше повідомлення русні було успішно відправлено.": "Sua mensagem para os porcos russos foi enviada com sucesso.",
    "Фото відправлення знаходиться в додатку до даного листа": "A foto do material está no anexo desta mensagem",
    "Також ми підготували для вас сертифікат успішної доставки вашого повідомлення. Ви можете його завантажити в": "Também preparamos um certificado para você. Você pode baixá-lo de seu",
    "Або увійдіть/зареєструйтесь через пошту": "Ou faça login/registre-se via e-mail",
    "особистому кабінеті": "escritório pessoal",
    "Підписати снаряд": "Assine a projétil",
    "або виберіть з шаблонів:": "ou escolher entre os modelos:",
    "Шаблони:": "Modelos:",
    "З найгіршими побажаннями від …": "Best wishes from ...",
    "«Мертвый русский» - це подарунок тобі, …": "Dead russians here is a gift for you, ...",
    "… , з Днем народження": "... , happy birthday",
    "Zдохніть Vсі": "Die all of you ",
    "Слава Україні": "Glory to Ukraine",
    "Фашисти": "Fascists",
    "Горіть у пеклі": "Burn in hell",
    "Ловіть привіт від …": "Receive a greeting from  ...",
    "Згинуть наші воріженьки як роса на сонці": "Go to hell russian pigs",
    "За наших дітей": "For the children",
    "Привіт відморозкам": "Hello to the scum of the Earth",
    "За Маріуполь": "For Mariupol",
    "Хороший русский - мертвый русский": "A good Russian is a dead Russian",
    "Хрю-хрю, свинособака": "Oink-oink russian pig",
    "Підписати снаряд в особистому кабінеті": "Assine a projétil em sua conta pessoal"
}
