

{
    "MENU": "MENU",
    "Головна": "Hlavná",
    "Про проект": "O projekte",
    "Умови": "Podmienky",
    "FAQ": "FAQ",
    "В кабінет": "Môj účet",
    "Панель адміністратора": "Panel administrátora ",
    "FOOTER": "Ukončenie stránky",
    "Умови розіграшу": "Podmienky súťaže",
    "Контакти": "Kontakty",
    "HOME": "DOMOV",
    "Передай привіт": "Pošli pozdrav",
    "окупантам": "okupantom",
    "Підпиши снаряд для загарбників та допоможи нашим воїнам вигнати рашистську нечисть з українскької землі!": "Podpíš nábojnicu pre útočníkov a pomôž naším vojakom vyhnať ruské zlo z ukrajinskej zeme!",
    "Задонать на ЗСУ": "Prispej finančne ozbrojeným silám",
    "Підпиши снаряд": "Podpíšte nábojnicu",
    "Отримай фото з підписом та": "Získaj fotografiu s podpisom a ",
    "Снарядів": "Nábojnic ",
    "вже підписано": "už je podpísaných",
    "Добродіїв долучилось до “гарячого прийому” окупантів": "Darcov, ktorí sa pripojili k «horúcemu privítaniu» okupantov",
    "Передано фонду All4Ukraine для закриття потреб ЗСУ": "Poslané fondu All4Ukraine na ukončenie potrieb OSU",
    "Особистий кабінет": "Môj účet",
    "Мир на нашій землі можливий лише за умови тотального знищення світового зла під назвою «Русскіє».": "Mier na našej zemi je možný len pod podmienkou úplného zničenia svetového zla nazývaného „russkie“",
    "А для цього, в свою чергу, потрібна фінансова допомога для закриття потреб наших захисників.": "Aby sa tak stalo, potrebujeme finančnú pomoc na ukončenie potrieb našich obrancov.",
    "Тому ми організували оригінальний спосіб допомоги ЗСУ, і одночасно долучитись до знизення рашистів на нашій землі.": "Preto sme zorganizovali tento jedinečný spôsob pomoci OSU a zároveň mate možnosť sa zapojiť do znižovania počtu rašistov na našej zemi",
    "Всі залучені від проекту кошти відразу поступають на рахунок волонтерського фонду All4Ukraine, який з перших днів повномасштабної війни допомагає ЗСУ, закриваючи їх матеріальні потреби.": "Všetky ziskane finančné prostriedky z projektu okamžite pôjdu na účet fondu All4Ukraine, ktorý od prvého dňa vojny pomáha OSU a pokrýva ich materiálne potreby.",
    "Це війна кожного з нас": "Táto vojna je vojnou každého z nás",
    "І кожен може внести свій вклад в перемогу!": "A každý môže prispieť k víťazstvu!",
    "Умови участі": "Podmienky účasti",
    "Створіть заявку на підпис на снаряді в особистому кабінеті на даному сайті": "Vytvorte objednávku na podpis nábojnice vo svojom osobnom účte na tejto webovej stránke",
    "Внесіть донат на рахунок волонтерського фонду All4Ukraine": "Prispejte finančne na účet charitativného fondu All4Ukraine",
    "По мірі готовності снаряду військові зроблять для вас фото": "Keď bude nábojnica pripravená, vojaci vám ju odfotia",
    "Отримайте фото підписаного снаряду та ": "Získajte fotografiu podpísanej nábojnice a ",
    "сертифікат": "certifikát",
    "в особистому кабінеті": "v osobnom účte",
    "Приклад сертифікату": "Príklad certifikátu",
    "Після запуску снаряду з Вашим посланням ми відправимо Вам на пошту фото з підписаним снарядом, а також підготуємо для Вас сертифікат наступного зразка:": "Po vypáleni nábojnice s vašou správou vám pošleme emailom fotografiu s podpísanou nábojnicou a pripravíme pre vás certifikát nasledujúceho vzoru:",
    "Відповіді на часті запитання": "Odpovede na často kladené otázky",
    "“Вы в своем уме? Там же наши дети!!!”": "Ste normálny? Naše deti sú tam!!!",
    "Если в Украине ваши слабоумные дети - то сделайте все от вас зависящее для того, чтобы они убрались с территории чужой для вас и беспощадной для них страны. Иначе - ваши дети-окупанты преврятятся в удобрение на нашей земле. И мы будем этому безумно рады.": "Ak na Ukrajine sú vaše slabomyseľné deti, urobte všetko, čo je vo vašich silách, aby ste ich dostali z územia krajiny, ktorá je vám cudzia a k nim nemilosrdná. Inak sa vaše deti - okupanty zmenia na našej pôde na hnojivo. A budeme z toho nesmierne šťastní.",
    "“Як я можу бути впевнений що гроші пішли за призначенням”": "Ako si môžem byť istý, že peniaze pôjdu OSU",
    "В особистому кабінеті, в розділі «Донати направлені на наступні потреби ЗСУ» ви побачите на яку саме заявку волонтерського фонду": "Vo svojom osobnom účte v časti «Príspevky, posunuté na potreby OSU» uvidite na ktoru presne objednávku charitativného fondu",
    "перерахований ваш донат. З часом заявка буде закрита, а ви будете причасним до її закриття.": "poslaný váš finančný príspevok. Postupne objednávka bude ukončená a vy sa budete podieľať na jej ukončení.",
    "відомий та авторитетний серед військових волонтерський фонд, який допомагає Збройним Силам України з перших днів повномасштабного вторгнення": "známy a s veľkou autoritou charitativný fond, ktorý od prvých dní rozsiahlej invázie pomáha Ozbrojeným Silám Ukrajiny",
    "“Я задонатив більше тижня тому, а фото так і не прийшло”": "Prispel som pred viac ako týždňom a foto neprišlo",
    "Розуміємо. Хочеться вже побачити вашу особисту помсту рашистам. Проте не забувайте що в Україні йде війна. І наші захисники професійно роблять свою роботу на фронті. Майте терпіння. Вони зроблять фото, коли буде нагода і коли це буде безпечно.": "Rozumieme. Chcete vidieť svoju osobnú pomstu rašistom. Nezabúdajte však, že na Ukrajine je vojna. A naši obrancovia robia svoju prácu v prvej línii profesionálne. Prosíme o trpezlivosť. Keď bude príležitosť a keď to bude bezpečné, urobia fotku.",
    "При Вашому бажанні - ми повернемо Вам кошти.": "Ak budete chcieť, vrátime vám peniaze späť.",
    "Війна не закінчується, а лише набирає обертів": "Vojna sa neskončila, len naberá na obrátkach",
    "І нажаль, кількість заявок від військових які отримує волонтерський фонд All4Ukraine, набагато більша ніж кількість донатів, які приходять від добродіїв на їх закриття.": "Žiaľ, počet žiadostí od armády, ktoré fond All4Ukraine dostáva, je oveľa väčší ako množstvo finančných príspevkov, ktoré prichádzajú od dobrovolníkov na ich ukončenie.",
    "Даний проект - це ще один з багатьох наших способів підтримати ЗСУ та наблизити нашу Перемогу": "Tento projekt je ďalším spôsobom, ako podporiť OSU a priblížiť naše víťazstvo",
    "LOGIN": "PRIHLÁSIŤ SA",
    "Увійти через пошту": "Prihláste sa prostredníctvom e-mail",
    "Вхід": "Prihlásiť sa",
    "Реєстрація": "Registrácia",
    "Електронна пошта": "Email",
    "Пароль": "Heslo",
    "Запам‘ятати мене": "Zapamätajte si ",
    "Забули пароль?": "Zabudli ste heslo?",
    "Увійти через соціальні мережі:": "Sa prihláste cez sociálne siete:",
    "Зареєструватися через пошту": "Zaregistrujte sa prostredníctvom e-mail",
    "Ім‘я": "Meno ",
    "Підтвердити пароль": "Potvrďte heslo",
    "Зареєструватися": "Prihlásiť sa",
    "Закрити": "Zavrieť",
    "Або зареєструватися через соціальні мережі:": "Alebo sa zaregistrujte cez sociálne siete:",
    "CABINET": "KABINET",
    "Вихід": "Odhlásiť sa",
    "Ваші палкі побажання русні": "Vaše najlepšie priania ruským okupantom",
    "Ви ще не створили жодного палкого побажання русні": "Ešte ste nevytvorili svoje najlepšie priania",
    "Підпишіть свій перший снаряд та чекайте сетифікат з передової": "Podpíšte svoju prvú nábojnicu a počkajte na certifikát z prvej línii",
    "Створено заявку": "Žiadosť bola vytvorená",
    "Передано волонтерам": "Odovzdané dobrovoľníkom",
    "Відправлено ЗСУ": "Poslané OSU",
    "Отримано руснею": "Prijaté ruskými okupantami",
    "Ваші сертифікати:": "Vaše certifikáty:",
    "У вас поки що немає сертифікатів": "Zatiaľ nemáte žiadne certifikáty",
    "Історія": "História",
    "було передано русні від ЗСУ": "bolo doručené rusom od OSU",
    "було відправлено ЗСУ": "bolo poslané OSU",
    "було передано волонтерам. Чекайте на його відправку ЗСУ": "bolo poslané, počkajte na jeho odoslanie OSU",
    "було створено. Воно буде відправлено ЗСУ після внесення даних": "Bolo vytvorené. Po zadaní údajov bude odoslané OSU",
    "У вас поки що немає створених послань": "Zatiaľ nemáte vytvorené žiadne správy",
    "Донати направлені на наступні потреби ЗСУ:": "Finančné príspevky smerujú na tieto žiadosti OSU:",
    "У вас поки що немає створених та оплачених послань": "Zatiaľ nemáte vytvorené a zaplatené žiadne správy",
    "Повідомлення": "Správa",
    "Сума": "Suma",
    "Направлено на заявку": "Odoslané na žiadosť",
    "Ще не розподілено": "Zatiaľ nedistribuované",
    "Ще не оплачено": "Zatiaľ nezaplatené",
    "CREATE": "VYTVORIŤ",
    "Створити палкий привіт": "Vytvorte vášnivý pozdrav",
    "1. Напишіть своє послання для орків": "1. Napíšte svoju správu orkom",
    "Cимволів залишилось:": "Počet zostávajúcich znakov:",
    "2. Зробіть донат на ЗСУ": "2. Príspejte na OSU",
    "Валюта": "Mena",
    "3. Напишіть ім`я отримувача сертифікату": "3. Napíšte meno príjemcu certifikátu",
    "Ім‘я потрібно виключно для генерації": "Meno sa vyžaduje len pre generáciu ",
    "сертифікату": "certifikátu",
    "Зберегти": "Uložiť",
    "Ще не сплачено": "Zatiaľ nezaplatené",
    "EDIT": "Upravte vašnivý pozdrav",
    "Відредагувати палкий привіт": "Upravte vašnivý pozdrav",
    "Відредагуйте своє послання": "Upravte svoju správu",
    "Відредагуйте своє ім`я": "Upravte svoje meno",
    "Ім`я потрібно виключно для генерації": "Meno sa vyžaduje len pre generáciu ",
    "certificateExample": "certifikátPríklad",
    "Після запуску ракети з Вашим посланням - ми відправимо Вам фото з підписаним снарядом, а також сформуємо для Вас сертифікат наступного зразка:": "Po vypálení rakety s vašou správou vám pošleme fotografiu s podpísanou nábojnicou a vytvoríme vám aj certifikát takého vzoru:",
    "CERRIFICATE": "CERRIFICATE",
    "Сертифікат": "Certifikát",
    "Мій сертифікат": "Môj certifikát",
    "Зацініть": "Ohodnotiť",
    "Поділитись": "Zdielať",
    "СЕРТИФІКАТ": "CERTIFIKÁT",
    "Даний сертифікат являється підтвердженням факту передачі Збройними Силами України палкого привіту русні від імені": "Tento certifikát je potvrdením skutočnosti odovzdania srdečného pozdravu Ozbrojených Síl Ukrajiny ruským okupantom",
    "Email": "Email",
    "Шановний": "Drahý",
    "Ваше повідомлення русні було успішно відправлено.": "Vaša správa pre ruských okupantov bola úspešne odoslaná.",
    "Фото відправлення знаходиться в додатку до даного листа": "Fotografia zásielky je v prílohe tohto listu",
    "Також ми підготували для вас сертифікат успішної доставки вашого повідомлення. Ви можете його завантажити в": "Pripravili sme pre vás aj certifikát uspešného dorúčenia správy. Môžete si ho stiahnuť zo svôjho",
    "Або увійдіть/зареєструйтесь через пошту": "Alebo sa prihláste/zaregistrujte cez mail",
    "особистому кабінеті": "osobného účtu",
    "Підписати снаряд": "Podpíšte škrupinu",
    "або виберіть з шаблонів:": "alebo si vyberte zo šablón:",
    "Шаблони:": "Šablóny:",
    "З найгіршими побажаннями від …": "Best wishes from ...",
    "«Мертвый русский» - це подарунок тобі, …": "Dead russians here is a gift for you, ...",
    "… , з Днем народження": "... , happy birthday",
    "Zдохніть Vсі": "Die all of you ",
    "Слава Україні": "Glory to Ukraine",
    "Фашисти": "Fascists",
    "Горіть у пеклі": "Burn in hell",
    "Ловіть привіт від …": "Receive a greeting from  ...",
    "Згинуть наші воріженьки як роса на сонці": "Go to hell russian pigs",
    "За наших дітей": "For the children",
    "Привіт відморозкам": "Hello to the scum of the Earth",
    "За Маріуполь": "For Mariupol",
    "Хороший русский - мертвый русский": "A good Russian is a dead Russian",
    "Хрю-хрю, свинособака": "Oink-oink russian pig",
    "Підписати снаряд в особистому кабінеті": "Podpíšte shell vo svojom osobnom účte"
}
